"","PERSON_ID","DREB_CHANCE_DEFER","PERCENT_CONTESTING","DRB","MP","STEAL_RATE","BLK_RATE","CLUSTERS","Name"
"1","101106",1.1686544733318,1.16586024788598,1.23147769159424,-0.340704625444188,-0.616360893497295,2.81826505474036,4,"Andrew Bogut"
"2","101107",1.95586821381693,0.28449946412866,0.997249437630169,0.751935402827772,-0.61068203576183,0.671121350440292,1,"Marvin Williams"
"3","101108",0.466544921007235,-0.836073381107147,0.294564675737962,1.25828078178307,2.78647318112761,-0.761521270906789,2,"Chris Paul"
"4","101109",-0.107908349076503,-0.267974134060469,-0.232448895681193,0.552062226924365,0.121875067794444,-0.702021409107098,2,"Raymond Felton"
"5","101111",-1.10788255996301,-0.750795992299333,-0.642348340118313,-1.67319246480024,-0.286589094064516,-0.129066383006,4,"Charlie Villanueva"
"6","101112",-0.235564631317334,-0.361553065550267,-0.232448895681193,-0.820400247612365,-0.681144704768973,0.107322457471751,4,"Channing Frye"
"7","101114",-0.278116725397611,-0.756680239113378,-0.349563022663227,1.21830614660239,-0.308637789956823,-0.758673094433498,2,"Deron Williams"
"8","101123",-0.618533478039826,-1.38232752697703,-0.70090540360933,-0.0875319359665381,-0.41302763334076,-0.401516805703165,3,"Gerald Green"
"9","101127",-1.00150232476232,-0.89744808926914,0.470235866211014,1.17833151142171,0.242579607350874,-0.755771681016782,2,"Jarrett Jack"
"10","101133",1.1686544733318,1.96369905000449,1.17292062810322,0.312214415840277,0.318027488607365,1.09190731770836,1,"Ian Mahinmi"
"11","101135",0.275060497645989,0.920534279164398,0.294564675737962,-0.913674396367289,-0.596346382697914,0.464201894531645,4,"David Lee"
"12","101138",0.445268873967096,0.671170625837306,-0.29100595917221,-0.394004139018429,-0.575937497301502,0.912869765164634,4,"Brandon Bass"
"13","101139",0.0410239802044659,0.0910926206201339,-0.525234213136279,-0.047557300785857,0.299193726061254,0.0289782936757581,3,"CJ Miles"
"14","101141",1.29631075557263,1.01033585185424,0.177450548755928,0.285564659053155,-0.32721425027554,-0.27710700458335,1,"Ersan Ilyasova"
"15","101145",-0.107908349076503,-0.83693542742622,-0.232448895681193,1.40485444411224,2.10641197135981,-0.325143558345172,2,"Monta Ellis"
"16","101150",-0.810017901401072,-0.88820405216064,-0.642348340118313,0.698635889253531,0.0142015362137058,-0.539723275649907,2,"Louis Williams"
"17","101161",1.21120656741208,2.5838293089384,0.528792929702031,-0.0608821791794172,-0.0602998467487243,1.35729716918404,4,"Amir Johnson"
"18","101162",2.46649334278025,2.17881243552843,2.16839070745051,0.911833943550499,-0.974860013015097,1.10300291964476,1,"Marcin Gortat"
"19","101179",-1.40574721852495,-1.02978538068352,-1.16936191153747,-0.500603166166913,2.55871030816131,-0.553297661659452,3,"Ronnie Price"
"20","101181",-0.618533478039826,-0.982697039641379,-0.173891832190175,0.645336375679289,0.0523801808634919,-0.890145325874965,2,"Jose Calderon"
"21","1495",0.913341908850142,1.04582651177574,1.29003475508526,0.258914902266034,0.0283922758255976,1.52536099596889,1,"Tim Duncan"
"22","1626143",1.18993052037194,1.99462476730117,0.880135310648135,0.898509065156938,-1.53542722940483,0.942599676592436,1,"Jahlil Okafor"
"23","1626144",0.80696167364945,-0.920074933737378,-0.173891832190175,0.95180857873118,0.12595361065735,-0.241935182565508,2,"Emmanuel Mudiay"
"24","1626145",-1.38447117148481,-1.24868474695418,-1.22791897502849,-1.03359830190933,1.71571699225888,-0.744652716052074,3,"Tyus Jones"
"25","1626147",-0.788741854360933,-0.733672834070463,-0.642348340118313,-1.52661880247107,-0.508570879827751,1.06193923630686,4,"Justin Anderson"
"26","1626156",0.296336544686127,-0.379581256068969,-0.232448895681193,0.658661254072849,0.946261391147934,-0.7124356763671,2,"D'Angelo Russell"
"27","1626157",2.84946218950274,1.74770707709233,2.63684721537865,1.16500663302815,-0.809970012808175,1.60269661626285,1,"Karl-Anthony Towns"
"28","1626158",-0.320668819477888,0.430037328027228,-1.05224778455543,-1.26012123459986,-0.20606342211,1.84641770854972,4,"Richaun Holmes"
"29","1626159",1.70055564933526,0.445588015643923,0.528792929702031,0.711960767647091,0.00482373975689605,-0.541574328287572,1,"Justise Winslow"
"30","1626161",-0.0228041609159494,-0.405089805330091,0.0603364217738933,-0.247430476689264,0.110287431997026,1.28102053751826,4,"Willie Cauley-Stein"
"31","1626162",-0.937674183641902,-0.352948601247187,-0.876576594082382,-1.67319246480024,-0.286589094064516,-0.599095356514086,3,"Kelly Oubre Jr."
"32","1626163",0.658029344368481,0.865661226146393,0.0603364217738933,-0.287405111869945,-0.655251649079029,0.122655294749515,4,"Frank Kaminsky"
"33","1626164",-0.278116725397611,0.293182844177415,-0.642348340118313,0.592036862105047,-0.8281751115781,-0.524433714512802,2,"Devin Booker"
"34","1626166",-0.980226277722179,-0.0725065461789586,-1.11080484804645,-1.47331928889683,1.50911453205,-0.656885804076556,3,"Cameron Payne"
"35","1626167",0.658029344368481,1.8584471663857,0.704464120175083,-0.0608821791794172,-1.17782059118517,2.01904848714938,4,"Myles Turner"
"36","1626168",0.594201203248065,0.573098405828924,-0.115334768699158,-0.793750490825244,-1.19504634447128,-0.487701206723153,4,"Trey Lyles"
"37","1626169",-0.0228041609159494,0.290336359817234,0.118893485264911,-0.0209075439987356,0.273505050940085,-0.633686233352344,2,"Stanley Johnson"
"38","1626170",-0.724913713240518,-0.409009097794153,-0.935133657573399,-0.887024639580167,0.913603773904726,-0.766153847098286,3,"Jerian Grant"
"39","1626171",-0.0653562549962263,0.229111180482151,0.177450548755928,-0.727126098857442,-0.759273495890622,0.0610576961658099,4,"Bobby Portis"
"40","1626173",-1.06533046588273,-0.0874082269544129,-1.22791897502849,-1.19349684263206,-0.292139814708733,-0.365724327709372,3,"Rashad Vaughn"
"41","1626181",-0.895122089561625,-1.33893057622103,-0.759462467100348,-1.12687245066426,0.775323772965016,-0.389487841301021,3,"Norman Powell"
"42","1626196",-0.533429289879272,-0.0238127832841291,-0.876576594082382,-0.260755355082825,0.12333032252487,0.111464875737574,3,"Josh Richardson"
"43","1626199",-1.55467954780592,0.0482847250479577,-1.22791897502849,-1.7531417351616,-0.986034852866045,-1.06912433002217,3,"Darrun Hilliard"
"44","1626204",0.147404215405158,-0.602151830423119,0.0603364217738933,-0.42065389580555,1.13505816346937,-0.0682666152885364,3,"Larry Nance Jr."
"45","1626209",-0.256840678357472,-0.18831943529457,-0.759462467100348,-0.713801220463882,-0.295457843250248,-0.507190249962226,3,"Mario Hezonja"
"46","1626245",-0.916398136601764,2.93587186273476,-0.525234213136279,-1.71316709998092,-1.03454870087281,0.865225676338028,4,"Cristiano Felicio"
"47","1626257",-0.746189760280656,2.4398462084831,-0.466677149645262,-1.53994368086463,-1.2160264286018,3.6592867966361,4,"Salah Mejri"
"48","1626273",-1.36319512444467,-0.94922543217752,-1.05224778455543,-0.913674396367289,-0.0784709157639507,-0.762459085111409,3,"Marcelo Huertas"
"49","1713",-0.512153242839134,-1.0145809252358,-0.759462467100348,-0.860374882793047,0.365422341608018,-0.171033255640651,3,"Vince Carter"
"50","1717",2.36011310757956,-0.686353998964875,1.52426300904932,1.09838224106035,-0.780479882052213,0.0485001180970544,1,"Dirk Nowitzki"
"51","1718",0.189956309485435,-0.0111510307877913,-0.349563022663227,-0.68715146367676,-0.32167210189316,-0.235537034463633,3,"Paul Pierce"
"52","1889",-1.51212745372564,-1.53361634621223,-1.2864760385195,-1.52661880247107,0.211188243707588,-1.06912433002217,3,"Andre Miller"
"53","1891",-1.44829931260523,-1.60469736351115,-1.34503310201052,-0.767100734038123,0.729414812653032,-0.781735186220086,3,"Jason Terry"
"54","1897",-1.08660651292287,-0.866452411915389,-0.70090540360933,-0.847050004399486,0.347473994909546,-0.176347404009772,3,"Ron Artest"
"55","1938",-1.10788255996301,-0.365856776301469,-0.642348340118313,-0.487278287773353,2.09871982277475,-0.555929430375589,3,"Manu Ginobili"
"56","200745",-0.980226277722179,1.12412022742773,-0.993690721064416,-1.26012123459986,-2.05240204335283,-0.340238820379198,3,"Andrea Bargnani"
"57","200746",0.849513767729727,-0.287329176237905,1.75849126301339,0.978458335518301,-1.28007739132968,0.738797571347166,1,"LaMarcus Aldridge"
"58","200751",-0.235564631317334,-0.00868812317241583,-0.935133657573399,-0.394004139018429,-0.575937497301502,-0.0781272824287692,3,"Randy Foye"
"59","200752",0.381440732846681,-0.92703554955081,1.05580650112119,1.43150420089936,0.829334314508526,-0.0336781501470063,2,"Rudy Gay"
"60","200755",-0.42704905467858,0.363360362555547,-0.876576594082382,0.632011497285728,-0.847885895208697,-0.889506115145868,2,"JJ Redick"
"61","200757",0.551649109167789,-0.726208893304032,0.353121739228979,0.0190670911819455,1.32466175960414,0.00551456240016122,3,"Thabo Sefolosha"
"62","200765",0.466544921007235,-1.42259456681202,1.05580650112119,1.59140274162208,2.15780950963271,-0.926246204552385,2,"Rajon Rondo"
"63","200768",1.53034727301416,-0.302780594848222,0.470235866211014,1.83125055270617,2.15259258232453,-0.525415139045251,2,"Kyle Lowry"
"64","200782",0.679305391408619,-1.01031771436463,0.587349993193048,1.03175784909254,0.893798509254007,-0.744652716052074,2,"PJ Tucker"
"65","200794",3.25370708326537,0.735592946382992,1.99271951697746,1.25828078178307,2.00728440519027,1.54550167245859,1,"Paul Millsap"
"66","200797",-0.810017901401072,0.420488111812353,-1.05224778455543,-1.44666953210971,-1.29798411209232,1.36441277475356,4,"Ryan Hollins"
"67","200826",-0.852569995481349,-1.86259387499311,-0.876576594082382,-0.100856814360099,-1.15795355572852,-1.06912433002217,3,"JJ Barea"
"68","201142",0.402716779886819,-1.19494152460353,2.57829015188763,1.67135201198345,-0.295457843250248,0.616677910157667,1,"Kevin Durant"
"69","201143",2.36011310757956,0.65909393032647,1.34859181857627,1.17833151142171,-0.551173444772211,1.28102053751826,1,"Al Horford"
"70","201144",-0.405773007638441,-0.528829126369531,-0.408120086154244,1.08505736266678,0.57794448499948,-0.588617003601486,2,"Mike Conley"
"71","201145",0.955894002930419,-0.201484559196496,0.00177935828287634,0.658661254072849,-0.559617626177775,-0.177402695884491,2,"Jeff Green"
"72","201147",-0.107908349076503,-1.26174664329544,-0.759462467100348,-0.380679260624869,1.49546432687849,-0.576054720557808,3,"Corey Brewer"
"73","201150",0.551649109167789,0.841218667646423,0.118893485264911,-0.6738265852832,-0.801220193792669,0.312554245949399,4,"Spencer Hawes"
"74","201152",0.955894002930419,0.0194338895201011,1.99271951697746,1.29825541696375,1.19267795761941,-0.307107660849972,1,"Thaddeus Young"
"75","201155",-0.895122089561625,-1.07086976029756,-0.466677149645262,-0.167481206327901,0.0345200952034591,-0.840519329270512,2,"Rodney Stuckey"
"76","201156",-0.895122089561625,-0.58627937402195,-0.993690721064416,-0.553902679741155,-0.889176489655339,-0.805809669470522,3,"Nick Young"
"77","201158",-0.661085572120103,-1.43053348562722,-0.935133657573399,0.178965631904672,-0.941596693987224,-1.06912433002217,2,"Marco Belinelli"
"78","201160",0.445268873967096,0.800557366902102,-0.583791276627296,-1.03359830190933,-0.476065629087445,1.85112019570871,4,"Jason Smith"
"79","201162",1.46651913189374,1.52057056204816,-0.173891832190175,0.352189051020958,0.283442055336618,-0.680760622181514,1,"Jared Dudley"
"80","201166",-1.04405441884259,-0.425363925960316,-1.16936191153747,-0.95364903154797,-0.557746969013396,-0.756744825889469,3,"Aaron Brooks"
"81","201167",-0.363220913558164,-1.34038459065605,0.118893485264911,1.35155493053799,-1.65070362076706,-0.918546185814492,2,"Arron Afflalo"
"82","201168",-0.682361619160241,1.19658201543443,-0.642348340118313,-0.95364903154797,0.497303671696791,-0.131985817624063,3,"Tiago Splitter"
"83","201171",-0.788741854360933,0.0183191981474339,-0.29100595917221,-0.993623666728651,-1.05522337871535,-0.114192048401314,4,"Carl Landry"
"84","201177",-1.02277837180246,-0.812470007396608,-0.70090540360933,-1.20682172102562,-0.275409473612078,-0.360770806566324,3,"Josh McRoberts"
"85","201188",0.0623000272446044,1.19495914127344,1.52426300904932,1.4848037144736,-0.198907070864873,0.831487013436397,1,"Marc Gasol"
"86","201196",-1.2142627951637,-0.649579101435343,-0.583791276627296,-0.394004139018429,-0.157555346675049,-0.821375068123822,2,"Ramon Sessions"
"87","201228",-1.2142627951637,-1.23890441077748,-0.876576594082382,-0.447303652592672,-0.107097197855778,-0.563666036902924,3,"CJ Watson"
"88","201229",0.211232356525573,-0.0283861326932539,-0.349563022663227,-0.620527071708958,-0.841362732645166,-0.528338306738676,3,"Anthony Tolliver"
"89","201564",-0.597257430999687,0.285635433170915,-0.583791276627296,0.445463199775882,1.16365144477691,-0.690980719756269,2,"O.J. Mayo"
"90","201565",-0.788741854360933,0.0391904831965088,-0.29100595917221,1.13835687624103,-0.798285244018076,-0.752815523950693,2,"Derrick Rose"
"91","201566",0.636753297328342,-1.32972181813257,1.64137713603136,1.4848037144736,2.27003410870402,-0.630521712300964,2,"Russell Westbrook"
"92","201567",2.50904543686053,0.372814403505139,2.8125184058517,1.09838224106035,-0.510855829426276,-0.270821152794153,1,"Kevin Love"
"93","201568",0.147404215405158,-1.60127956280932,0.645907056684065,1.52477834965428,-0.709771557011982,-0.489376777683669,2,"Danilo Gallinari"
"94","201569",-1.08660651292287,0.0657065430133783,-0.70090540360933,1.28493053857019,-0.086341363589695,-0.610524632465651,2,"Eric Gordon"
"95","201571",-1.25681488924398,-0.575997085379613,-1.05224778455543,-0.567227558134716,0.0142015362137058,-0.80442380283604,3,"D.J. Augustin"
"96","201572",0.955894002930419,1.12475333472281,1.1143635646122,1.39152956571868,-0.651668391035074,1.46791633113868,1,"Brook Lopez"
"97","201573",-0.937674183641902,-0.120185057526414,-0.525234213136279,0.751935402827772,-0.0229202601412765,-0.72107519392968,2,"Jerryd Bayless"
"98","201574",-0.384496960598303,-1.21593252926268,-0.583791276627296,-1.76646661355516,-0.119900953118668,0.942599676592436,4,"Jason Thompson"
"99","201575",-0.107908349076503,0.46895462192069,-0.583791276627296,-1.14019732905782,-0.934550769267033,-0.0427345307290047,4,"Brandon Rush"
"100","201577",1.31758680261277,0.832609690512415,0.528792929702031,0.512087591743684,-2.04104694728122,1.90020999708426,1,"Robin Lopez"
"101","201578",-0.618533478039826,-0.190077420751661,-0.525234213136279,-1.55326855925819,-0.471341959644889,1.0986817115884,4,"Marreese Speights"
"102","201579",1.46651913189374,0.54151662217044,0.0603364217738933,-0.00758266560517542,-1.20351072324118,1.96580412823262,1,"Roy Hibbert"
"103","201580",-1.15043465404329,0.905576620480151,-0.466677149645262,-1.64654270801312,-1.88865947449643,2.62211237936243,4,"JaVale McGee"
"104","201581",-0.873846042521487,0.126882828393593,-0.29100595917221,-1.43334465371615,0.0499622000356721,0.540254875269515,4,"J.J. Hickson"
"105","201582",-0.341944866518026,0.244725401395833,0.0603364217738933,-1.15352220745138,-0.922678868711097,0.997715402801056,4,"Alexis Ajinca"
"106","201583",0.93461795589028,0.177168711716875,0.470235866211014,0.95180857873118,-0.991567133779097,-0.407373012056841,2,"Ryan Anderson"
"107","201584",-0.895122089561625,-0.278205344166701,-0.583791276627296,0.831884673189136,0.499091893121724,-0.387183988796881,2,"Courtney Lee"
"108","201585",0.53037306212765,2.29445413759135,0.0603364217738933,-0.567227558134716,-0.432806761560873,1.31318041465302,4,"Kosta Koufos"
"109","201586",2.42394124869997,0.0433146307451756,1.05580650112119,1.17833151142171,-1.34492649689529,1.90772583552904,1,"Serge Ibaka"
"110","201587",0.423992826926958,-0.672877333138913,1.23147769159424,1.56475298483496,-0.483893424163682,-0.206956898615912,2,"Nicolas Batum"
"111","201588",-0.278116725397611,0.444657719609807,0.00177935828287634,1.44482907929292,0.0718800262491352,-0.774150135503901,2,"George Hill"
"112","201589",0.892065861810004,0.764075681104347,-0.115334768699158,-0.207455841508583,0.463269780060979,0.553233739828318,4,"Darrell Arthur"
"113","201596",-0.873846042521487,-1.59438509157141,-0.583791276627296,-0.100856814360099,2.61678318103459,-0.622074550774482,3,"Mario Chalmers"
"114","201599",1.59417541413457,-0.382119956749034,4.1593308661451,1.39152956571868,-0.903690873459911,2.36334244684252,1,"DeAndre Jordan"
"115","201600",0.509097015087512,0.723661600575139,0.645907056684065,-0.793750490825244,-1.19504634447128,-0.196989645073643,4,"Omer Asik"
"116","201601",-0.320668819477888,-0.316700791794454,-0.993690721064416,-0.833725126005926,0.329736805231056,-0.181599032986316,3,"Luc Mbah a Moute"
"117","201603",-1.44829931260523,-0.818575160288613,-1.22791897502849,-1.55326855925819,-1.20351072324118,-1.06912433002217,3,"Sonny Weems"
"118","201609",-0.0228041609159494,0.32229540479483,-0.0567777052081409,1.27160566017663,-0.0784709157639507,-0.762459085111409,2,"Goran Dragic"
"119","201627",-1.34191907740453,-1.05248973252229,-1.40359016550154,-1.28677099138698,-0.794357590643253,-0.699322122923899,3,"Anthony Morrow"
"120","201933",0.104852121324881,-0.444134755080884,2.16839070745051,1.35155493053799,-0.633558991100355,-0.316233608983771,1,"Blake Griffin"
"121","201935",1.21120656741208,-1.20306756582331,1.23147769159424,1.97782421503534,1.12174965458432,-0.27710700458335,2,"James Harden"
"122","201937",0.12612816836502,-1.16941254846933,0.353121739228979,0.978458335518301,3.16078935780339,-0.904767793534051,2,"Ricky Rubio"
"123","201939",0.594201203248065,-1.27495668968971,0.821578247157117,1.45815395768648,2.54724855693632,-0.775012633148692,2,"Stephen Curry"
"124","201941",1.40269099077333,2.4439392995057,0.470235866211014,-0.340704625444188,-0.616360893497295,0.145684852716118,4,"Jordan Hill"
"125","201942",0.168680262445297,-1.26355622591198,0.294564675737962,1.68467689037701,-0.302066173075272,-0.648847726968981,2,"DeMar DeRozan"
"126","201943",-1.17171070108343,-0.395808695204404,-0.876576594082382,-0.68715146367676,0.147563127814961,-0.791261898169326,3,"Brandon Jennings"
"127","201945",-0.618533478039826,-1.00618147768761,-0.408120086154244,-0.447303652592672,-0.53388903995211,-0.3109368903433,3,"Gerald Henderson"
"128","201949",-0.575981383959549,-0.35341531124014,-0.876576594082382,-0.94032415315441,-0.046503294348274,0.793583083509873,4,"James Johnson"
"129","201950",-0.384496960598303,-1.33210149268717,-0.349563022663227,0.658661254072849,1.54861299807822,-0.534091349539564,2,"Jrue Holiday"
"130","201951",-1.04405441884259,-1.2676838689051,-1.05224778455543,-0.247430476689264,0.507163958058569,-0.834109843268129,3,"Ty Lawson"
"131","201952",-0.55470533691941,-1.45409648667692,-0.525234213136279,0.698635889253531,0.908218131762864,-0.539723275649907,2,"Jeff Teague"
"132","201954",-1.17171070108343,-1.36895277364346,-0.759462467100348,0.898509065156938,0.163204302138565,-0.901480662804288,2,"Darren Collison"
"133","201956",0.892065861810004,-0.487839717900704,1.1143635646122,0.525412470137244,-0.169860704046415,-0.699322122923899,1,"Omri Casspi"
"134","201959",1.33886284965291,0.758807527843873,0.528792929702031,0.432138321382321,-0.744869158120485,1.01851379004959,1,"Taj Gibson"
"135","201961",-0.980226277722179,-0.606192473365148,-0.70090540360933,-0.260755355082825,-0.275409473612078,-0.833006488870223,3,"Wayne Ellington"
"136","201962",-0.958950230682041,-1.11371181809456,-0.759462467100348,-0.340704625444188,1.84542393482647,-0.826162493474514,3,"Toney Douglas"
"137","201967",-0.363220913558164,-0.00524221295616724,-0.583791276627296,0.178965631904672,-0.941596693987224,-0.25135034359347,2,"Dante Cunningham"
"138","201973",-0.15046044315678,0.632228326186362,-0.29100595917221,-1.08689781548358,-0.980465934331053,-0.0699236644851152,4,"Jonas Jerebko"
"139","201976",-0.448325101718718,-0.294178439529453,-0.408120086154244,0.725285646040651,1.17922664678996,-0.36817519879757,2,"Patrick Beverley"
"140","201977",-1.27809093628412,-1.7075548445078,-0.818019530591365,-0.6738265852832,1.06540786284843,-0.792788614827858,3,"Marcus Thornton"
"141","201978",-0.83129394844121,0.00234454443391489,-0.935133657573399,-1.22014659941918,0.343909784217651,-0.355747022712028,3,"Chase Budinger"
"142","201980",0.80696167364945,1.03482102163597,0.00177935828287634,0.378838807808079,0.586235143327535,0.472426632900899,1,"Danny Green"
"143","201988",-1.00150232476232,-0.263589496673995,-0.935133657573399,-0.367354382231309,0.232254364396427,-0.823792134093562,3,"Patrick Mills"
"144","202066",-0.42704905467858,-0.331854584342598,-0.583791276627296,0.15231587511755,0.464873836429061,-0.656885804076556,2,"Garrett Temple"
"145","202083",0.25378445060585,-0.688132233214905,-0.29100595917221,1.4181793225058,-0.162492009219314,-0.77240987476928,2,"Wesley Matthews"
"146","202087",0.104852121324881,-0.0161829423874313,-0.408120086154244,-0.114181692753659,0.744581165613241,-0.620078792831412,3,"Alonzo Gee"
"147","202322",-0.0653562549962263,-0.53626446966176,0.704464120175083,1.72465152555769,1.78988643179339,0.0423253973892135,2,"John Wall"
"148","202323",0.636753297328342,-0.210241389387931,0.645907056684065,0.632011497285728,0.365422341608018,-0.530269685393259,2,"Evan Turner"
"149","202324",1.53034727301416,1.54656107007413,1.29003475508526,1.16500663302815,0.517085871210107,1.28836474022932,1,"Derrick Favors"
"150","202325",1.01972214405083,0.465514656853719,-0.349563022663227,-0.327379747050627,1.82372551085888,0.623431925543003,4,"Wesley Johnson"
"151","202326",1.23248261445222,0.384076529276457,3.45664610425289,1.51145347126072,1.25962349879953,0.965856601524397,1,"DeMarcus Cousins"
"152","202328",1.80693588453596,1.22039380986471,1.69993419952238,0.805234916402015,-0.0590284920906623,0.304066118178926,1,"Greg Monroe"
"153","202329",1.91331611973665,0.311105293212016,0.997249437630169,0.698635889253531,0.0142015362137058,-0.0103222212776416,1,"Al-Farouq Aminu"
"154","202330",0.0835760742847428,0.378478110639713,0.587349993193048,1.72465152555769,0.147563127814961,-0.652330682242903,2,"Gordon Hayward"
"155","202331",1.91331611973665,-0.230007836918368,1.64137713603136,1.53810322804784,1.96922058567609,-0.491042718926021,1,"Paul George"
"156","202332",-0.256840678357472,0.716238760804118,0.118893485264911,-1.32674562656766,2.44081800984713,3.09045538290277,4,"Cole Aldrich"
"157","202334",1.50907122597402,2.00036773216863,0.821578247157117,-0.327379747050627,0.190425961297915,1.10701942713305,4,"Ed Davis"
"158","202335",0.402716779886819,-0.729052299310292,0.118893485264911,0.312214415840277,-0.345500453401776,-0.283294639938341,2,"Patrick Patterson"
"159","202337",-0.533429289879272,-1.32892745685575,-0.349563022663227,-0.700476342070321,-1.72416406624299,-0.789718217992366,3,"Luke Babbitt"
"160","202338",-1.02277837180246,1.63290241877055,-0.70090540360933,-1.63321782961955,-1.1236377672125,2.58855568200439,4,"Kevin Seraphin"
"161","202339",-0.639809525079964,0.338415498950336,0.177450548755928,1.45815395768648,2.29891061372822,-0.18678923940173,2,"Eric Bledsoe"
"162","202340",-0.384496960598303,0.112138207027764,-0.525234213136279,1.35155493053799,1.14644411081638,-0.617389897399132,2,"Avery Bradley"
"163","202341",-1.25681488924398,-1.10239150793214,-1.05224778455543,-1.22014659941918,-0.258441822712633,0.00094163094304486,3,"James Anderson"
"164","202344",0.509097015087512,0.380875077673587,0.236007612246945,-0.340704625444188,0.204234049277295,0.145684852716118,4,"Trevor Booker"
"165","202355",1.18993052037194,1.33520388202895,3.16386078679781,0.778585159614894,-0.916681723069438,5.32553101746413,1,"Hassan Whiteside"
"166","202357",0.402716779886819,1.04024699485839,-0.29100595917221,-0.713801220463882,-0.769935924686952,0.0547438300977208,4,"Nemanja Bjelica"
"167","202362",-0.661085572120103,-1.22961023166219,-0.29100595917221,-0.447303652592672,-0.107097197855778,-0.816395183462548,3,"Lance Stephenson"
"168","202388",-0.703637666200379,-0.824653118735664,-0.349563022663227,-0.220780719902143,-0.701839533369648,-0.836285903330667,2,"Donald Sloan"
"169","202389",0.615477250288204,1.42577951813199,-0.115334768699158,-0.780425612431684,-1.20351072324118,1.24320211436244,4,"Timofey Mozgov"
"170","202390",-1.00150232476232,-0.222533426019534,-0.818019530591365,-0.40732901741199,-0.565581503474115,-1.06912433002217,3,"Gary Neal"
"171","202391",0.849513767729727,0.807716399168093,-0.29100595917221,0.4054885645952,-0.407311991725821,-0.112981741327016,2,"Jeremy Lin"
"172","202397",0.700581438448758,-0.668826410114445,0.118893485264911,0.778585159614894,0.542623716400837,-0.550638761307067,2,"Ish Smith"
"173","202498",-0.639809525079964,-0.661380444607498,-0.935133657573399,-0.12750657114722,-1.14441189927377,-0.843594732868068,3,"Lance Thomas"
"174","202681",-0.682361619160241,-0.444252096420416,-0.642348340118313,1.09838224106035,0.298016328451534,-0.590142423685361,2,"Kyrie Irving"
"175","202682",-0.937674183641902,-1.31752598604028,-0.0567777052081409,-0.713801220463882,-0.769935924686952,-0.788157289992199,2,"Derrick Williams"
"176","202683",2.01969635493734,1.7123139845998,1.1143635646122,-0.300729990263506,-1.45454001361705,-0.111160517348549,1,"Enes Kanter"
"177","202684",2.89201428358302,0.464304180227208,1.46570594555831,0.592036862105047,-1.13478730138738,0.0202569009965686,1,"Tristan Thompson"
"178","202685",1.23248261445222,1.03968151056279,1.69993419952238,0.365513929414518,-1.361208610785,1.44553067824609,1,"Jonas Valanciunas"
"179","202687",1.59417541413457,1.30999112085947,1.52426300904932,-0.167481206327901,-1.89574300882313,2.58855568200439,1,"Bismack Biyombo"
"180","202688",-0.597257430999687,-1.07666694929063,0.00177935828287634,1.69800176877057,0.163204302138565,-0.510312105962559,2,"Brandon Knight"
"181","202689",1.25375866149236,-0.233092126439397,0.294564675737962,1.64470225519633,1.14930125865252,-0.362760563654684,2,"Kemba Walker"
"182","202691",0.785685626609311,0.074920748959534,0.118893485264911,1.33823005214443,-0.6274500143456,-0.162942345060637,2,"Klay Thompson"
"183","202692",-0.958950230682041,0.261123981537656,-0.115334768699158,0.325539294233837,-0.68500988676443,-0.873431333269779,2,"Alec Burks"
"184","202693",0.338888638766404,-0.295293954723516,0.704464120175083,0.298889537446716,0.329736805231056,-0.0829851110934428,2,"Markieff Morris"
"185","202694",0.658029344368481,0.0943855356641474,0.411678802719997,1.65802713358989,-0.764619643662452,-0.646493236195574,2,"Marcus Morris"
"186","202695",0.700581438448758,-0.0830503298812888,1.34859181857627,1.31158029535731,1.95078733382321,0.450304677994903,1,"Kawhi Leonard"
"187","202696",1.74310774341554,0.917813364579519,1.75849126301339,1.07173248427322,-0.497073130250509,0.698364813169577,1,"Nikola Vucevic"
"188","202697",-0.980226277722179,-1.59142890694868,0.00177935828287634,0.15231587511755,0.812954068302708,-0.244647278130939,2,"Iman Shumpert"
"189","202699",1.89204007269651,0.0951581749482177,1.29003475508526,1.31158029535731,-0.358530458305279,-0.309409826013635,1,"Tobias Harris"
"190","202700",-0.958950230682041,-0.84531091585654,-0.759462467100348,-1.12687245066426,0.201461769065218,-0.729306085661597,3,"Donatas Motiejunas"
"191","202702",0.743133532529034,0.565701897616001,1.17292062810322,0.272239780659595,-0.989358594758472,0.719958284556037,1,"Kenneth Faried"
"192","202703",0.317612591726266,0.274863889490588,0.821578247157117,0.218940267085353,0.401967770427799,0.344737923622633,1,"Nikola Mirotic"
"193","202704",0.594201203248065,-0.661258406634627,-0.408120086154244,0.991783213911861,-0.731297644439664,-0.905303156845087,2,"Reggie Jackson"
"194","202708",-0.767465807320795,0.0358851966753269,-0.0567777052081409,0.445463199775882,-0.113515120293317,-0.880052524889221,2,"Norris Cole"
"195","202709",0.785685626609311,0.227595127674795,-0.642348340118313,0.312214415840277,-0.0137364823972055,-0.479752062459299,2,"Cory Joseph"
"196","202710",1.33886284965291,0.576539283102693,0.587349993193048,1.81792567431261,1.01482173665219,-0.25135034359347,2,"Jimmy Butler"
"197","202711",-0.490877195798995,-0.127736551850222,-0.232448895681193,0.472112956563002,-1.40021277913272,-0.881463508509616,2,"Bojan Bogdanovic"
"198","202713",-0.682361619160241,1.90452763466957,-1.11080484804645,-1.1801719642385,-0.308637789956823,-0.719866689984914,3,"Kyle Singler"
"199","202714",-0.618533478039826,-0.915200159026288,-0.583791276627296,-0.394004139018429,0.260826803951405,-0.821375068123822,3,"Shelvin Mack"
"200","202718",-0.171736490196919,-1.06163839134743,0.587349993193048,0.831884673189136,-0.364619055120683,-0.557669074103204,2,"Chandler Parsons"
"201","202720",1.23248261445222,1.73092040700497,0.704464120175083,-0.607202193315397,0.0572290728978901,0.00666390880916916,4,"Jon Leuer"
"202","202730",0.572925156207927,0.631397680950034,0.0603364217738933,-0.40732901741199,-1.40648820225798,0.175754386942313,4,"Lavoy Allen"
"203","202734",-0.661085572120103,0.900825067851581,-0.759462467100348,-0.247430476689264,-0.286589094064516,-0.364080869760043,3,"E'Twaun Moore"
"204","202738",-0.490877195798995,-0.207619223689295,-0.466677149645262,1.19165638981527,0.233541011519245,-0.912934577955821,2,"Isaiah Thomas"
"205","203076",0.615477250288204,0.0942844373952522,2.87107546934272,1.63137737680276,0.442322159434429,1.76428976380122,1,"Anthony Davis"
"206","203078",-0.916398136601764,-0.487220888763677,-0.29100595917221,1.0450827274861,0.0630706105684827,-0.745696033138795,2,"Bradley Beal"
"207","203079",-0.448325101718718,0.102700651198601,-0.642348340118313,0.578711983711486,0.409382784970942,-0.704681575200685,2,"Dion Waiters"
"208","203080",-0.405773007638441,1.61751008919793,-0.0567777052081409,-1.38004514014191,0.624073322324759,0.880220637627642,4,"Thomas Robinson"
"209","203081",0.700581438448758,0.471187701324918,0.118893485264911,1.65802713358989,-0.526716067816037,-0.505616204920041,2,"Damian Lillard"
"210","203082",-0.597257430999687,-1.01239240132205,-0.583791276627296,0.0856914831497479,-0.180312534784437,-0.437830185687044,3,"Terrence Ross"
"211","203083",1.61545146117471,-0.100075319089986,3.92510261218103,1.28493053857019,1.20441207983234,1.07100759190826,1,"Andre Drummond"
"212","203084",0.700581438448758,-0.492218053444394,0.353121739228979,1.01843297069898,-1.0186914236926,-0.743602646103951,2,"Harrison Barnes"
"213","203085",-0.788741854360933,0.242461339363349,-0.935133657573399,-0.180806084721462,0.0468596766903872,-0.839475470819592,3,"Austin Rivers"
"214","203086",0.232508403565712,-0.146332050573044,0.645907056684065,-0.180806084721462,-2.28003283227318,-0.38017775241443,2,"Meyers Leonard"
"215","203087",-0.171736490196919,-1.18770983663956,0.00177935828287634,-0.620527071708958,0.0718800262491352,0.28284072818657,4,"Jeremy Lamb"
"216","203088",-1.4908514066855,-1.58829405182678,-1.34503310201052,-1.32674562656766,0.525068162241796,-0.690980719756269,3,"Kendall Marshall"
"217","203089",0.0623000272446044,1.39219320422295,-0.466677149645262,-0.860374882793047,-1.15121295441288,4.61878580772746,4,"John Henson"
"218","203090",-0.618533478039826,-0.0419340656202847,-0.525234213136279,-0.607202193315397,0.0572290728978901,0.00666390880916916,3,"Moe Harkless"
"219","203092",-0.256840678357472,1.10533638264122,-0.759462467100348,-1.52661880247107,-1.22833000336309,0.635726523041055,4,"Tyler Zeller"
"220","203093",-0.129184396116642,0.619313192725348,-0.115334768699158,-0.314054868657067,-0.635992351458409,0.855970413149702,4,"Terrence Jones"
"221","203094",-0.384496960598303,0.663576877405372,-0.115334768699158,-1.14019732905782,-1.51231659632261,0.299395402368718,4,"Andrew Nicholson"
"222","203095",-0.299392772437749,0.0881855598023164,-0.466677149645262,1.23163102499595,0.468086884723278,-1.06912433002217,2,"Evan Fournier"
"223","203096",0.764409579569173,1.10647563949958,1.58282007254034,0.0457168479690668,0.571067805475257,0.209513809775248,1,"Jared Sullinger"
"224","203098",-1.23553884220384,0.170771550334769,-1.22791897502849,-1.60656807283243,-1.15121295441288,-1.06912433002217,3,"John Jenkins"
"225","203101",-0.15046044315678,0.98054556195313,-0.525234213136279,-1.19349684263206,-0.886066923639992,1.74447567922903,4,"Miles Plumlee"
"226","203105",-0.0653562549962263,1.99870363573291,0.236007612246945,-0.873699761186607,-0.633558991100355,2.24359484254679,4,"Festus Ezeli"
"227","203109",0.636753297328342,-0.860303040146812,0.587349993193048,1.11170711945391,1.90125555276842,-0.273347428671457,2,"Jae Crowder"
"228","203110",2.04097240197748,0.761733426920567,2.69540427886967,1.52477834965428,1.00354554973208,0.959992103162591,1,"Draymond Green"
"229","203112",-0.171736490196919,-0.403766652194224,-0.642348340118313,-1.12687245066426,0.201461769065218,0.290148647420131,4,"Quincy Acy"
"230","203114",-0.214288584277195,-1.53060953498977,0.0603364217738933,1.71132664716413,1.33169967702299,-0.790492196142033,2,"Khris Middleton"
"231","203115",0.892065861810004,-0.165461145847408,1.1143635646122,0.725285646040651,-0.00448870620195618,-0.19293791599142,1,"Will Barton"
"232","203118",0.189956309485435,0.41866155389141,-0.70090540360933,-1.06024805869645,-1.00252321950887,-0.411698184069686,4,"Mike Scott"
"233","203124",-0.405773007638441,0.886698431072965,-0.29100595917221,-1.52661880247107,-0.508570879827751,2.34057737610428,4,"Kyle O'Quinn"
"234","203138",-0.0228041609159494,-0.31221657567895,-0.232448895681193,0.632011497285728,-1.15121295441288,-0.530269685393259,2,"Hollis Thompson"
"235","203141",0.785685626609311,0.492089030163581,-0.0567777052081409,-0.260755355082825,-1.07288906588597,-0.360770806566324,4,"Mirza Teletovic"
"236","203143",-1.10788255996301,-0.896353446388617,-1.11080484804645,-1.2467963562063,2.83131857830386,-1.06912433002217,3,"Pablo Prigioni"
"237","203145",0.849513767729727,-0.852266559581529,0.880135310648135,0.605361740498607,1.30377223698785,-0.164572168774597,2,"Kent Bazemore"
"238","203186",-0.83129394844121,1.49293854825214,-0.759462467100348,-1.64654270801312,-1.10947069855909,2.62211237936243,4,"Willie Reed"
"239","203187",-1.04405441884259,0.120201989609214,-0.993690721064416,-1.47331928889683,0.812954068302708,0.167591247814677,4,"Chris Johnson"
"240","203200",-0.895122089561625,0.891600267819831,-0.993690721064416,-1.15352220745138,0.822490513011575,0.308768825193313,4,"Justin Holiday"
"241","203210",-0.00152811387581097,0.804301212119047,-0.115334768699158,-0.633851950102518,0.0866893682852592,0.0182940519316701,4,"JaMychal Green"
"242","203382",0.572925156207927,2.0280966516099,-0.115334768699158,-1.07357293709001,-0.991567133779097,0.916129623873823,4,"Aron Baynes"
"243","203457",1.46651913189374,1.2992727412834,1.52426300904932,0.805234916402015,2.54979126625244,1.50560776035489,1,"Nerlens Noel"
"244","203458",1.36013889669305,1.21708935639176,1.23147769159424,0.00574221278838525,-0.845282229464455,0.657677392393801,1,"Alex Len"
"245","203459",-0.533429289879272,-0.675112135810493,-0.525234213136279,0.365513929414518,-0.0545689711362294,-0.682254328750132,2,"Allen Crabbe"
"246","203460",-0.0228041609159494,0.478435030555471,-0.408120086154244,-0.14083144954078,0.392749103698484,0.290148647420131,3,"Andre Roberson"
"247","203462",-0.682361619160241,-0.896969294253106,-0.70090540360933,-0.500603166166913,-0.490115517685819,-0.553297661659452,3,"Archie Goodwin"
"248","203463",-0.469601148758857,-1.025141886553,-0.876576594082382,-0.274080233476385,0.537116903421704,-0.831892725468563,3,"Ben McLemore"
"249","203468",-0.299392772437749,-0.541805650839273,-0.29100595917221,1.53810322804784,0.260826803951405,-0.635563121700059,2,"CJ McCollum"
"250","203469",1.5516233200543,1.54656107007413,0.645907056684065,0.13899099672399,0.128253036057426,0.793583083509873,4,"Cody Zeller"
"251","203471",-0.490877195798995,1.3709010847952,-0.583791276627296,-0.394004139018429,1.09759110520431,-0.821375068123822,3,"Dennis Schroder"
"252","203473",-0.575981383959549,3.42880247165616,-0.232448895681193,-1.47331928889683,0.116793604555413,2.22878387754276,4,"Dewayne Dedmon"
"253","203476",2.21118077829859,0.899499461483149,1.17292062810322,0.512087591743684,0.779558916905236,1.15787641530765,1,"Gorgui Dieng"
"254","203477",-0.703637666200379,0.316148125784013,-0.70090540360933,0.298889537446716,-0.336393207138905,-0.674668642450681,2,"Isaiah Canaan"
"255","203481",-0.363220913558164,4.13234012389133,-0.525234213136279,-1.38004514014191,-0.0343109922269463,2.82956560527746,4,"Jeff Withey"
"256","203482",0.211232356525573,0.65016741129023,-0.115334768699158,-0.40732901741199,0.695778544701678,0.175754386942313,3,"Kelly Olynyk"
"257","203484",-0.278116725397611,-0.420241019295958,-0.232448895681193,1.79127591752549,0.572048403736204,-0.795047489883942,2,"Kentavious Caldwell-Pope"
"258","203486",2.33883706053942,2.15458775933951,1.17292062810322,0.285564659053155,0.00716203546135071,0.910918983574883,1,"Mason Plumlee"
"259","203487",0.402716779886819,-0.592785680959474,0.587349993193048,0.96513345712474,1.50911453205,0.2500389530038,2,"Michael Carter-Williams"
"260","203490",0.402716779886819,-0.695448410145409,0.411678802719997,0.93848370033762,1.25638301055759,-0.40518901430778,2,"Otto Porter"
"261","203492",-1.34191907740453,1.31846526829402,-1.2864760385195,-1.55326855925819,-0.471341959644889,-0.202001913377945,3,"Ray McCallum"
"262","203493",-1.08660651292287,0.28157339085069,-0.993690721064416,-1.55326855925819,-0.471341959644889,-0.635563121700059,3,"Reggie Bullock"
"263","203496",1.57289936709443,-0.444711698684359,1.23147769159424,0.68531101085997,2.11702930320961,-0.00659404483840033,2,"Robert Covington"
"264","203497",1.31758680261277,1.46165874385598,2.51973308839662,1.12503199784747,-0.792387568918973,2.42124855211674,1,"Rudy Gobert"
"265","203498",-0.341944866518026,-0.448643596052389,-0.70090540360933,-0.367354382231309,-1.42494712979226,-0.823792134093562,3,"Shabazz Muhammad"
"266","203499",-0.299392772437749,-0.596000251242528,-0.759462467100348,-0.114181692753659,1.88205763762891,-0.620078792831412,3,"Shane Larkin"
"267","203500",2.38138915461969,0.319618916799648,0.411678802719997,0.258914902266034,-0.982697921521665,1.12620940735488,1,"Steven Adams"
"268","203501",-1.17171070108343,-0.376392278707805,-0.993690721064416,-0.847050004399486,-0.657633420204892,-0.771532021351372,3,"Tim                       Hardaway Jr."
"269","203503",-0.895122089561625,1.52392044974929,-0.232448895681193,-0.394004139018429,-1.41270179855441,-0.32587654432712,2,"Tony Snell"
"270","203504",-1.10788255996301,-0.212285074087028,-0.993690721064416,-0.260755355082825,-0.674149269749026,-0.833006488870223,3,"Trey Burke"
"271","203506",1.2750347085325,-0.51329682025483,0.528792929702031,1.29825541696375,1.45004637148963,0.150102340653348,2,"Victor Oladipo"
"272","203507",1.63672750821485,1.64723576519446,1.75849126301339,1.60472762001564,0.219344154455864,0.925502872003643,1,"Giannis Antetokounmpo"
"273","203508",-1.32064303036439,0.527733155456332,-1.11080484804645,-1.76646661355516,-0.969216718890368,-0.56619332836852,3,"Sergey Karasev"
"274","203521",-0.55470533691941,-0.565643143157888,-0.876576594082382,0.178965631904672,-0.596346382697915,-0.864680833414997,2,"Matthew Dellavedova"
"275","203524",-0.661085572120103,-0.465410021818158,-0.583791276627296,-1.14019732905782,0.798746711899702,-0.384864463826727,3,"Solomon Hill"
"276","203526",-0.980226277722179,-0.126964926861241,-1.11080484804645,-0.633851950102518,1.00486857452494,-1.06912433002217,3,"Raul Neto"
"277","203527",-1.36319512444467,-0.169646379683122,-0.232448895681193,-1.35339538335478,-0.0745176679247601,0.0826260554442065,4,"Ryan Kelly"
"278","203530",-0.0440802079560879,0.175061954242479,0.236007612246945,-0.753775855644563,-1.70271669842047,-0.211855577203447,4,"Joffrey Lauvergne"
"279","203552",-1.32064303036439,-1.13943979573643,-1.16936191153747,-1.00694854512221,0.0369790290939391,-0.748786112408381,3,"Seth Curry"
"280","203584",-1.25681488924398,0.442237106677216,-1.16936191153747,-1.61989295122599,-0.372400234834579,-0.616033337541405,3,"Troy Daniels"
"281","203613",-1.15043465404329,0.601494452442236,-0.993690721064416,-1.12687245066426,-0.372400234834579,-0.729306085661597,3,"Jonathon Simmons"
"282","2037",-0.916398136601764,-0.985496517335522,-0.935133657573399,0.485437834956563,-0.457732874819679,-0.695197934740647,2,"Jamal Crawford"
"283","203798",-0.703637666200379,-0.720209170582691,-0.525234213136279,-0.447303652592672,-0.53388903995211,-0.563666036902924,3,"PJ Hairston"
"284","203894",-1.34191907740453,-0.744454081844196,-1.40359016550154,-1.64654270801312,0.44890685331559,-1.06912433002217,3,"Shabazz Napier"
"285","203897",-0.363220913558164,-1.57096514512583,-0.408120086154244,0.632011497285728,-0.241231776800339,-0.709887900269564,2,"Zach LaVine"
"286","203898",-1.27809093628412,-0.11883071343573,-1.11080484804645,-1.20682172102562,0.322700220593345,-1.06912433002217,3,"Tyler Ennis"
"287","203900",-1.06533046588273,-0.799424259637902,-0.935133657573399,-0.993623666728651,0.557401493003067,-0.4325028089416,3,"Markel Brown"
"288","203901",0.53037306212765,-0.0544542243252656,-0.408120086154244,0.818559794795575,0.798746711899702,-0.555929430375589,2,"Elfrid Payton"
"289","203903",0.423992826926958,-0.841684503452576,-0.232448895681193,1.20498126820883,0.224558382225273,-0.913418137559741,2,"Jordan Clarkson"
"290","203914",-0.107908349076503,-0.950000250448233,-0.583791276627296,1.17833151142171,0.771748308766263,-0.755771681016782,2,"Gary Harris"
"291","203917",-0.618533478039826,-0.038083401695203,-0.583791276627296,0.205615388691793,-0.613052042921591,-0.460740053828238,2,"Nik Stauskas"
"292","203918",0.0197479331643275,-0.161216379929914,-0.173891832190175,1.19165638981527,-0.293984308835849,-0.756744825889469,2,"Rodney Hood"
"293","203922",-1.12915860700315,-0.282104417701403,-1.16936191153747,-1.59324319443887,0.338579239023577,-0.178980964263496,3,"Glenn Robinson"
"294","203924",1.04099819109097,0.0409040533975824,0.118893485264911,0.472112956563002,-0.44948617565694,1.93344881417874,1,"Jerami Grant"
"295","203926",-0.0866323020363647,-0.0589848654130601,-0.70090540360933,-0.0342324223922963,-1.92931280193664,-0.85045867712928,2,"Doug McDermott"
"296","203930",-1.25681488924398,-0.94922543217752,-1.05224778455543,-0.447303652592672,-0.960680882048441,-0.816395183462548,3,"Sean Kilpatrick"
"297","203932",0.53037306212765,0.323967572532773,0.7630211836661,0.0856914831497479,0.175049710308325,0.403895340093127,1,"Aaron Gordon"
"298","203933",-0.83129394844121,-0.646509186815026,-0.759462467100348,-0.0608821791794172,0.312207068063425,-0.407373012056841,3,"TJ Warren"
"299","203934",-1.17171070108343,-0.506301145946804,-1.11080484804645,-1.59324319443887,-0.41302763334076,-0.624052647142834,3,"Lamar Patterson"
"300","203935",-0.575981383959549,-0.891490165295306,-0.173891832190175,0.538737348530805,1.99872189116898,-0.516452899633544,2,"Marcus Smart"
"301","203937",-0.703637666200379,-0.707813655424907,-0.232448895681193,-0.966973909941531,1.57873057842473,0.188203174111958,4,"Kyle Anderson"
"302","203939",0.232508403565712,1.0449499523739,-0.29100595917221,-1.1801719642385,0.281164825162413,-0.0213514099103972,4,"Dwight Powell"
"303","203943",-0.0440802079560879,1.83490859307916,-0.29100595917221,-1.08689781548358,-0.980465934331053,-0.0699236644851152,4,"Noah Vonleh"
"304","203944",1.93459216677679,0.431534811586841,2.87107546934272,0.658661254072849,-0.559617626177775,-0.355747022712028,1,"Julius Randle"
"305","203948",-0.873846042521487,0.0886423370351943,-0.876576594082382,-1.36672026174835,-0.707888790960615,-0.682254328750132,3,"Johnny O'Bryant III"
"306","203952",-0.533429289879272,-0.611808967054568,-0.525234213136279,1.57807786322852,-0.248145214047158,-0.209413216084306,2,"Andrew Wiggins"
"307","203953",1.25375866149236,-1.36673604794108,0.236007612246945,1.12503199784747,-0.256541659914746,-0.434511078724189,2,"Jabari Parker"
"308","203960",-0.405773007638441,0.407576546361359,-0.70090540360933,-0.980298788335091,-1.06536567350603,0.512419700335224,4,"JaKarr Sampson"
"309","203991",0.892065861810004,1.00030670188753,0.411678802719997,-0.553902679741155,0.889495271123091,2.09065159659763,4,"Clint Capela"
"310","203994",-0.384496960598303,0.694072406822503,0.118893485264911,-0.820400247612365,1.30555884089582,3.04843942620656,4,"Jusuf Nurkic"
"311","203999",1.5516233200543,1.6675300836831,0.880135310648135,-0.207455841508583,1.24604928768467,0.321468301278248,4,"Nikola Jokic"
"312","204001",1.33886284965291,0.266441198036256,1.34859181857627,0.68531101085997,-0.574464320714789,2.29555490639311,1,"Kristaps Porzingis"
"313","204020",-0.724913713240518,1.28009838471255,-0.525234213136279,0.0990163615433086,-0.190677266932977,-0.230905993932752,2,"Tyler Johnson"
"314","204025",-1.04405441884259,-0.671854550464621,-0.935133657573399,-1.16684708584494,0.846561814828439,-1.06912433002217,3,"Tim Frazier"
"315","204028",-0.980226277722179,0.951142158933858,-0.173891832190175,-1.40669489692903,0.00716203546135071,0.910918983574883,4,"Tarik Black"
"316","204038",-0.235564631317334,0.278113533233064,-0.115334768699158,0.205615388691793,0.414346060834498,-0.460740053828238,2,"Langston Galloway"
"317","204060",-1.25681488924398,-0.31018139114522,-0.935133657573399,-1.06024805869645,1.21791015505767,-1.06912433002217,3,"Joe Ingles"
"318","204456",-0.341944866518026,-0.191915133440365,-0.349563022663227,-0.460628530986232,2.47952002697047,-0.815118773631439,3,"T.J. McConnell"
"319","2199",1.10482633221139,0.973158736398533,1.69993419952238,0.165640753511111,-0.934550769267034,0.367821388988262,1,"Tyson Chandler"
"320","2200",1.78565983749582,1.34911379979936,3.33953197727086,1.13835687624103,-1.06536567350603,2.09396373069262,1,"Pau Gasol"
"321","2207",-0.299392772437749,-1.67439713533191,-0.115334768699158,1.35155493053799,-0.633558991100355,-1.06912433002217,2,"Joe Johnson"
"322","2210",-0.55470533691941,-0.963051807844708,-0.993690721064416,-0.713801220463882,-0.769935924686952,-0.507190249962226,3,"Richard Jefferson"
"323","2216",1.40269099077333,0.123617055244804,1.1143635646122,0.845209551582696,-0.946262238734377,-0.729306085661597,1,"Zach Randolph"
"324","2225",-0.724913713240518,-0.093387439458405,-0.583791276627296,0.565387105317926,-0.197111477279732,-0.703356328819516,2,"Tony Parker"
"325","2399",-0.788741854360933,-1.32156793326168,-0.466677149645262,-0.0742070575729779,-0.797108678249407,-0.404457808012941,3,"Mike Dunleavy"
"326","2400",-1.36319512444467,0.123873441553782,-0.759462467100348,-1.73981685676804,-0.169860704046415,0.903154107835287,4,"Drew Gooden"
"327","2403",-0.0653562549962263,0.719512527619682,0.236007612246945,-0.540577801347595,1.31331940162108,0.240591820117547,4,"Maybyner Hilario"
"328","2405",-0.278116725397611,1.87878756397124,-0.115334768699158,-1.14019732905782,-0.934550769267033,1.66791513475961,4,"Amar'e Stoudemire"
"329","2419",-0.42704905467858,-0.303549322142268,-0.993690721064416,-0.567227558134716,-0.432806761560873,-0.539723275649907,3,"Tayshaun Prince"
"330","2440",0.445268873967096,-1.09136360430528,0.704464120175083,0.738610524434212,0.281164825162413,0.327906230126861,1,"Matt Barnes"
"331","2449",0.870789814769865,0.223407934206861,0.236007612246945,-0.234105598295704,-0.297664718047629,-0.133438745550262,4,"Luis Scola"
"332","2544",0.12612816836502,-0.542740413819509,1.64137713603136,1.64470225519633,0.672157570016738,-0.221487810381186,1,"LeBron James"
"333","2546",-0.469601148758857,-2.00290392278787,1.87560538999543,1.57807786322852,-0.490115517685819,-0.352698401740617,1,"Carmelo Anthony"
"334","2547",0.743133532529034,-0.739170775125062,1.93416245348644,1.36487980893156,-0.893158590612306,-0.1683523867619,1,"Chris Bosh"
"335","2548",-0.299392772437749,-0.61939160766889,-0.115334768699158,0.96513345712474,0.395257790054331,-0.0797518677526929,2,"Dwyane Wade"
"336","2550",-1.27809093628412,0.647595263058426,-1.11080484804645,-1.27344611299342,-0.808032704948294,-1.06912433002217,3,"Kirk Hinrich"
"337","2555",-0.15046044315678,1.48125158836786,-0.876576594082382,-1.52661880247107,-0.508570879827751,0.209513809775248,4,"Nick Collison"
"338","2561",0.509097015087512,0.648483130522145,-0.115334768699158,-0.700476342070321,0.163204302138565,0.886718454186475,4,"David West"
"339","2564",-0.0866323020363647,0.43446017735752,-0.525234213136279,-0.6738265852832,-1.26787720795294,-0.240117184439229,3,"Boris Diaw"
"340","2570",-1.10788255996301,-0.330227193695496,-0.232448895681193,-1.15352220745138,-0.922678868711097,-0.0357044636105585,4,"Kendrick Perkins"
"341","2571",-1.34191907740453,-1.04281884581495,-1.11080484804645,-0.980298788335091,0.537116903421704,-0.752815523950693,3,"Leandro Barbosa"
"342","2581",-1.12915860700315,0.537946969136711,-1.05224778455543,-0.833725126005926,-0.669458213323886,-0.773282564343554,3,"Steve Blake"
"343","2585",2.10480054309789,1.49783922506052,1.75849126301339,0.41881344298876,-0.0941641117316464,-0.497611828143022,1,"Zaza Pachulia"
"344","2590",-1.15043465404329,-1.2737994660996,-0.935133657573399,-0.6738265852832,-1.26787720795294,-0.792788614827858,3,"Mo Williams"
"345","2594",1.7218316963754,-0.202173410239999,-0.0567777052081409,0.898509065156938,-0.403006208375901,-0.398549661150636,1,"Kyle Korver"
"346","2730",1.48779517893388,-1.42841644060984,3.04674665981577,1.17833151142171,-0.0220047433568209,1.43769686202095,1,"Dwight Howard"
"347","2733",-0.724913713240518,0.0396366653364065,-0.935133657573399,-0.500603166166913,0.38097757541336,-0.295384327478092,3,"Shaun Livingston"
"348","2734",-0.788741854360933,-0.424164458201171,-0.759462467100348,-0.433978774199111,1.15407269553888,-0.56619332836852,3,"Devin Harris"
"349","2736",1.63672750821485,0.775336752235956,0.7630211836661,1.21830614660239,-0.046503294348274,-0.448221858844824,1,"Luol Deng"
"350","2738",-0.469601148758857,-1.02503345994466,0.00177935828287634,0.445463199775882,0.844359803509352,-0.501908914623317,2,"Andre Iguodala"
"351","2743",0.12612816836502,1.28567521592671,-0.115334768699158,-0.993623666728651,-1.05522337871535,0.204118712138972,4,"Kris Humphries"
"352","2744",0.381440732846681,0.377775800058042,1.17292062810322,0.00574221278838525,-0.480769025270592,0.873527607695797,1,"Al Jefferson"
"353","2746",-0.107908349076503,0.0962295680887951,-0.349563022663227,-0.966973909941531,0.517085871210107,1.75986255427962,4,"Josh Smith"
"354","2747",-0.512153242839134,-1.59805195603978,-0.525234213136279,0.991783213911861,0.375302701842682,-0.577660810490916,2,"JR Smith"
"355","2749",-0.661085572120103,-0.912124591385222,-0.408120086154244,0.445463199775882,-0.75209840282843,-0.880052524889221,2,"Jameer Nelson"
"356","2754",-0.703637666200379,-1.03901733095376,-0.115334768699158,0.272239780659595,3.03901657886224,-0.472763458496103,2,"Anthony Allen"
"357","2755",-1.25681488924398,-1.88982460804352,-0.876576594082382,-0.447303652592672,-0.53388903995211,-0.816395183462548,3,"Kevin Martin"
"358","2756",-0.852569995481349,-0.797800740378586,-0.70090540360933,-1.1135475722707,0.752215235895225,-0.731586745019721,3,"Sasha Vujacic"
"359","2757",-1.23553884220384,-0.537405118916818,-0.993690721064416,-0.95364903154797,-1.08527228936849,-1.06912433002217,3,"Beno Udrih"
"360","2772",0.700581438448758,-1.42986268555834,0.294564675737962,1.60472762001564,2.14413909104895,-0.641704215302355,2,"Trevor Ariza"
"361","708",-0.618533478039826,-0.205391693157532,0.236007612246945,-1.15352220745138,1.40421364025247,-0.0357044636105585,4,"Kevin Garnett"
"362","977",-0.767465807320795,-1.8393640353922,-0.0567777052081409,0.658661254072849,0.042733980752509,-0.7124356763671,2,"Kobe Bryant"
